<?xml version="1.0" encoding="UTF-8" standalone="yes"?>
<addon id="plugin.video.dw" name="Deutsche Welle" version="0.0.7" provider-name="gigoro33">
    <requires>
        <import addon="xbmc.python" version="3.0.1"/>
        <import addon="script.module.codequick"/>
        <import addon="script.module.simplejson"/>
    </requires>
    <extension point="xbmc.python.pluginsource" library="addon.py">
        <provides>video</provides>
    </extension>
    <extension point="xbmc.addon.metadata">
        <summary lang="en_GB">Search and play free content from the Deutsche Welle website.</summary>
        <description lang="en_GB">Deutsche Welle is Germany’s international broadcaster.
Watch live TV and a range of programmes available via the DW website </description>
        <language>en de es ar</language>
        <platform>all</platform>
        <license>MIT</license>
        <forum>https://forum.kodi.tv/showthread.php?tid=345450</forum>
        <website>https://www.dw.com/</website>
        <email>fraser.chapman@gmail.com</email>
        <source>https://github.com/FraserChapman/plugin.video.dw</source>
        <news>v1.0.0 (14-7-19) - Initial version</news>
        <news>v1.0.1 (14-7-19) - Update kodi to version 19 or newer</news>
        <disclaimer lang="en_GB">Neither this addon nor its author are in anyway affiliated with Deutsche Welle</disclaimer>
        <assets>
            <icon>resources/icon.png</icon>
            <fanart>resources/fanart.jpg</fanart>
            <screenshot>resources/media/ss1.jpg</screenshot>
            <screenshot>resources/media/ss2.jpg</screenshot>
            <screenshot>resources/media/ss3.jpg</screenshot>
            <screenshot>resources/media/ss4.jpg</screenshot>
            <screenshot>resources/media/ss5.jpg</screenshot>
        </assets>
    </extension>
</addon>
