<?xml version="1.0" encoding="UTF-8" standalone="yes"?>
<addon id="script.module.cache" name="cache" version="1.0.5" provider-name="fraser">
    <extension point="xbmc.python.module" library="lib"/>
    <extension point="xbmc.addon.metadata">
        <summary lang="en_GB">Simple HTTP Cache using sqlite3</summary>
        <description lang="en_GB">Stores cached data in sqlite3.Blobs. Calculates lifetime, freshness as virtual columns.
Obeys cache control directives, immutable, no-store, etc. Supports etag, last_modified, etc for validation.
Can be used as a generic key/blob data store when used without directives
        </description>
        <license>MIT</license>
        <platform>all</platform>
        <email>fraser.chapman@gmail.com</email>
        <source>https://github.com/FraserChapman/script.module.cache</source>
        <news>v1.0.5 (14-7-24) - "Update xbmc.translatePath to xbmcvfs.translatePath.</news>
        <news>v1.0.3 (18-7-19) - Fixes python version error</news>
    </extension>
</addon>
