<?xml version="1.0" encoding="UTF-8" standalone="yes"?>
<addon id="repository.gigoro33-addon" name="Gigoro33 Repository" version="1.0.0" provider-name="Gigoro33">
    <extension point="xbmc.addon.repository" name="Gigoro33 Add-on Repo">
        <dir>
            <info compressed="false">https://raw.githubusercontent.com/gigoro33/gigoro33_addons/refs/heads/main/addons.xml</info>
            <checksum>https://raw.githubusercontent.com/gigoro33/gigoro33_addons/refs/heads/main/addons.xml.md5</checksum>
            <datadir zip="true">https://raw.githubusercontent.com/gigoro33/gigoro33_addons/refs/heads/main/</datadir>
        </dir>
    </extension>
    <extension point="xbmc.addon.metadata">
        <summary lang="es">Repositorio de Gigoro33 Add-on</summary>
        <description lang="es">Repositorio para instalar los Addons de Gigoro33</description>
        <disclaimer lang="es">[COLOR red]Los propietarios y distribuidores de este add-on no proveen ni distribuyen ningún contenido mostrado por el add-on ni tienen afiliación alguna con los proveedores del contenido.[/COLOR]</disclaimer>
        <platform>all</platform>
        <assets>
            <icon>icon.png</icon>
            <fanart>fanart.png</fanart>
        </assets>
    </extension>
</addon>
